"imputation","analysis","n","limited","colectomy","RD_pp","CSM_limited_pct","CSM_colectomy_pct","max_abs_weighted_SMD","ESS_limited","ESS_colectomy"
1,"Q1",1391,720,671,-0.943467972393341,6.5532582700468,5.60979029765346,0.0108809101606636,681.91739947647,646.023007331664
1,"Q2",1390,653,737,-4.16148334144806,12.0171158391554,7.85563249770729,0.00374555804921447,610.965422210778,694.395270067821
1,"Q3",1390,549,841,0.202481055038137,13.7977682523299,14.000249307368,0.00105542571479739,524.530342173568,776.157298426576
1,"Q4",1390,487,903,-1.08387964329057,22.6092478375306,21.5253681942401,0.00151258735866067,473.4475079536,840.709684520879
1,"Q5",1390,468,922,-7.079057989446,39.5275483771012,32.4484903876552,0.00171480417340587,459.759245712254,873.277632540077
1,"bottom_decile",696,387,309,1.29335586203077,5.29848566077798,6.59184152280875,0.0135296758659699,354.045229559328,296.075696745989
1,"risk_lt_5pct",654,364,290,0.944907459237981,5.70715992723053,6.65206738646851,0.0201759316341339,331.278538777345,277.561694274748
2,"Q1",1391,713,678,-1.19287345241764,6.01650183105797,4.82362837864032,0.0167466963685283,676.446615825561,658.01388562313
2,"Q2",1390,639,751,-2.47204716583627,11.5252899352932,9.05324276945696,0.00331369673242008,596.706922124865,701.455851490553
2,"Q3",1390,565,825,0.588137619657705,14.3600053612762,14.9481429809339,0.000647195750531178,543.016648155819,771.666409648738
2,"Q4",1390,500,890,-4.80070001574061,23.7626416049757,18.9619415892351,0.0019275226297311,484.223057732628,824.873318633837
2,"Q5",1390,460,930,-4.87844982878997,39.2919899661601,34.4135401373702,0.00098449652665827,451.831113851159,883.347982742671
2,"bottom_decile",696,371,325,1.27375493398868,4.30076968566142,5.5745246196501,0.00593640491847724,339.410586612659,311.52952390776
2,"risk_lt_5pct",637,349,288,1.48808159955951,4.11351804279917,5.60159964235867,0.00149831148808414,318.756862096515,277.346388045215
3,"Q1",1391,723,668,-1.53481030896163,7.25706137812301,5.72225106916138,0.00329132291024174,687.701744029554,649.256315688811
3,"Q2",1390,633,757,-2.36771329584973,10.4120378950173,8.04432459916753,0.000795924838113745,582.4145766429,700.579498711052
3,"Q3",1390,554,836,-1.52838332925044,14.3900070348034,12.861623705553,0.00262453672069633,528.196869970102,777.77420319144
3,"Q4",1390,506,884,-1.17023152881935,22.5684094980737,21.3981779692543,0.00319735113110245,490.233824303146,820.907245597594
3,"Q5",1390,461,929,-7.0312759973576,40.4471586099167,33.4158826125591,0.000358739551755977,451.891868670839,873.083092498046
3,"bottom_decile",696,392,304,-0.0326443758553729,6.46182351649097,6.4291791406356,0.000437901797868352,360.351694873742,295.743905014458
3,"risk_lt_5pct",581,332,249,0.237825665969267,6.74634040191249,6.98416606788176,0.00411096543100598,304.225444008369,240.272812293113
4,"Q1",1391,714,677,-0.884836413494219,6.23768010748983,5.35284369399561,0.00594079170887053,678.662973563702,656.346637897741
4,"Q2",1390,643,747,-2.65827638178379,10.444628309362,7.78635192757823,0.00194684216910439,599.61866760053,699.135522137935
4,"Q3",1390,563,827,-1.97945910075224,15.9963155338913,14.0168564331391,0.00349205162651019,535.821000352638,766.806900360846
4,"Q4",1390,497,893,-3.59374164249948,23.666641202027,20.0728995595275,0.00229640180559061,486.061840032319,843.765094331827
4,"Q5",1390,460,930,-5.37096740407652,39.4804336018638,34.1094661977873,0.000845187563946188,450.419122263381,870.147704219585
4,"bottom_decile",696,384,312,1.41056094775381,5.14955812687825,6.56011907463206,0.0111192412035244,352.961797592182,301.569414939899
4,"risk_lt_5pct",613,343,270,2.23037355179056,4.54971109188995,6.78008464368051,0.0147320379319561,315.259393654292,261.732025995058
5,"Q1",1391,708,683,-2.06690079565518,7.220086444512,5.15318564885682,0.00726237558926826,667.255541516698,658.656187407547
5,"Q2",1390,653,737,-2.24848769019428,9.85788495364218,7.60939726344791,0.00339545130686687,611.342753871779,694.204589471301
5,"Q3",1390,554,836,-2.53007984965437,15.977979573921,13.4478997242667,0.000562069594569561,525.310820643325,767.781879391367
5,"Q4",1390,503,887,-3.29770050246374,24.588417313435,21.2907168109713,0.00279444224915536,490.498550258171,826.464354861481
5,"Q5",1390,459,931,-3.4389371254215,37.2892184738531,33.8502813484316,0.000597049375797303,450.387443169115,879.669331440262
5,"bottom_decile",696,383,313,1.06446780932855,4.5599577707753,5.62442558010385,0.00512305127859927,353.949442634588,303.094645958252
5,"risk_lt_5pct",575,324,251,1.38800145020878,4.61210666840885,6.00010811861763,0.00105469255637181,297.544706218396,242.199139143771
6,"Q1",1391,714,677,-0.890935652165418,6.47781163203373,5.58687597986832,0.00165725106544675,682.121285310117,657.563546234454
6,"Q2",1390,657,733,-2.8375873596999,11.4915323262847,8.65394496658477,0.00199351444508992,606.798150946867,684.464883010082
6,"Q3",1390,555,835,1.68762684840302,12.7526649017933,14.4402917501963,0.00151572761631096,530.058526115243,779.394966625739
6,"Q4",1390,495,895,-4.56934110365479,23.9384350446441,19.3690939409893,0.00377716512854194,481.562874823494,835.170915603111
6,"Q5",1390,456,934,-5.92628044998916,39.9456081457874,34.0193276957982,0.00131855032028945,446.572292142125,871.948833604645
6,"bottom_decile",696,387,309,1.81679176779845,4.30611120740212,6.12290297520057,0.0113629171010629,359.65305149522,301.244496538929
6,"risk_lt_5pct",597,339,258,2.69119832390806,4.20794290829045,6.89914123219852,0.0109760843014029,313.67889833444,251.622750392036
7,"Q1",1391,722,669,-0.97255456806349,6.18550061868577,5.21294605062228,0.00341656908163032,686.77331273081,648.386301023775
7,"Q2",1390,653,737,-1.95868212844968,11.3575088751569,9.39882674670718,0.00248677597627329,606.484154646145,692.392025342019
7,"Q3",1390,530,860,-1.02129866094998,14.7119163014513,13.6906176405013,0.00250544211070582,504.934758103892,775.097773350147
7,"Q4",1390,512,878,-4.38920020949127,24.1934340800883,19.804233870597,0.00409250479232514,496.049474342078,823.954797778885
7,"Q5",1390,460,930,-4.24840541052994,38.4390221144468,34.1906167039169,0.00072477277464969,449.599876998005,869.04314536673
7,"bottom_decile",696,390,306,1.56499029644364,5.06158094984284,6.62657124628648,0.00480083444424831,363.518138604321,297.972214981525
7,"risk_lt_5pct",650,364,286,1.64302912624638,5.40548461532519,7.04851374157157,0.00774680563482671,338.565975297841,277.79493537405
8,"Q1",1391,724,667,-0.742294401361573,6.36096883383885,5.61867443247728,0.00123143457410763,688.53725657044,645.644362842915
8,"Q2",1390,629,761,-3.10402173546461,11.488165511137,8.38414377567243,0.00200446874755497,580.742782181644,708.87499971446
8,"Q3",1390,562,828,-0.907082925071578,14.3050535348788,13.3979706098072,0.00282080923636413,533.075397554767,762.397423990617
8,"Q4",1390,507,883,-3.255299230411,23.8844833757457,20.6291841453347,0.00503446768764934,491.125939328575,824.372086886563
8,"Q5",1390,455,935,-5.61801237798605,39.2665925335274,33.6485801555413,0.000649342946188511,445.886426933536,879.089208343852
8,"bottom_decile",696,392,304,1.88381294232539,4.71777038821927,6.60158333054466,0.00316738452508544,361.386992934613,293.329753686098
8,"risk_lt_5pct",586,333,253,1.44984092692646,5.4277194967652,6.87756042369166,0.00951324280812946,302.236433260475,240.696160856403
9,"Q1",1391,708,683,-0.962275998510274,6.59662890981503,5.63435291130475,0.00843309312736295,670.072598975604,659.849492974628
9,"Q2",1390,650,740,-4.33070867306853,11.4413446928283,7.11063601975973,0.00622891347367316,606.275723678837,691.514740324002
9,"Q3",1390,557,833,0.361781418327151,14.7653024973622,15.1270839156893,0.00152501142459669,531.701711316265,769.865764621041
9,"Q4",1390,504,886,-3.96773938694756,23.3603567975621,19.3926174106145,0.00241347644041086,492.441684381716,835.984451521556
9,"Q5",1390,458,932,-4.48419025585894,38.6053082748317,34.1211180189728,0.00161616819010149,449.097141788977,875.155269249594
9,"bottom_decile",696,384,312,1.3074753153835,5.13111245759201,6.43858777297551,0.0149027616334218,355.91976786073,302.607475253553
9,"risk_lt_5pct",591,331,260,1.29080016856097,5.61543508704948,6.90623525561044,0.0144980066987436,307.486814558293,252.092813466905
10,"Q1",1391,730,661,-1.65515039871533,6.97982576495483,5.3246753662395,0.0157622382296931,691.215514890745,643.753125459961
10,"Q2",1390,642,748,-1.55916051866549,10.5616998431502,9.00253932448472,0.00182206719049022,583.176734853028,686.246569027173
10,"Q3",1390,536,854,-1.23928637581669,14.8994356206552,13.6601492448385,0.00211361692249803,517.894171131255,796.968669453578
10,"Q4",1390,520,870,-1.21135089211258,22.1021376579352,20.8907867658226,0.00465928429711457,507.517201561703,826.561860271315
10,"Q5",1390,449,941,-7.6202783146449,40.5054341378766,32.8851558232317,0.000371573957502902,440.328146091689,880.864391388831
10,"bottom_decile",696,388,308,1.55302695664696,4.44804512514085,6.00107208178781,0.00109036553524056,357.834773795268,297.780862809026
10,"risk_lt_5pct",640,358,282,1.74924071176224,4.79268040329461,6.54192111505685,0.000702186374752191,331.784988090872,273.019976960657
11,"Q1",1391,722,669,-1.58297889092213,6.78224957076998,5.19927067984785,0.00297906997523814,682.8468246685,649.761888223474
11,"Q2",1390,624,766,-2.8821881906147,10.5846657935607,7.70247760294601,0.00317530462410869,578.597960729774,712.034296003176
11,"Q3",1390,580,810,0.0926899346849863,14.9010024557549,14.9936923904399,0.00287437807336214,549.17425565819,748.435729182156
11,"Q4",1390,493,897,-4.05423473833733,23.6608231607435,19.6065884224062,0.00202684818338414,482.326677488753,851.075487226827
11,"Q5",1390,458,932,-5.934213844748,39.3336753909263,33.3994615461784,0.000142230725639533,449.131068300389,873.383296192591
11,"bottom_decile",696,386,310,1.08888509748499,4.05757348663604,5.14645858412103,0.00821760016072157,353.490576225801,300.230234568954
11,"risk_lt_5pct",590,328,262,0.867929856820687,4.64508732696913,5.51301718378982,0.00363909392825805,296.056535048835,250.844010110458
12,"Q1",1391,717,674,-2.03653489088818,7.74403050207061,5.70749561118243,0.00491075373467848,680.26410969899,649.886324620001
12,"Q2",1390,656,734,-1.62982590046842,10.443636008461,8.81381010799258,0.00328204528851997,608.12397342011,691.256514591923
12,"Q3",1390,545,845,-0.764735750830661,14.2827403568218,13.5180046059912,0.001160934759456,521.524574269026,783.6815382356
12,"Q4",1390,497,893,-3.53296120155533,24.2587787289405,20.7258175273852,0.00415860447319372,486.497707037208,844.95856161982
12,"Q5",1390,462,928,-4.98436609389481,38.2596893216853,33.2753232277905,0.000525766750622625,453.319459640598,869.920403051515
12,"bottom_decile",696,386,310,2.0737416430356,4.83697047138743,6.91071211442303,0.00293671300078214,359.775682961662,302.672395670358
12,"risk_lt_5pct",586,326,260,2.28479201413029,5.13458145053131,7.4193734646616,0.0130909670800392,297.981635034863,250.918427707793
13,"Q1",1391,710,681,0.415352955053908,5.11590698002698,5.53125993508089,0.00495008091275056,665.384278806161,654.002349659129
13,"Q2",1390,643,747,-2.0824283843438,11.7034968746866,9.62106849034282,0.000955721743085193,599.095554551855,697.332050187989
13,"Q3",1390,565,825,-2.7758268487072,15.0243332194994,12.2485063707922,0.00235903626741602,539.623354608043,768.682595919443
13,"Q4",1390,501,889,-3.75039140004029,24.8373406971962,21.0869492971559,0.00242338801800427,490.966340726179,838.974508863627
13,"Q5",1390,458,932,-4.62508059586663,38.4797232692523,33.8546426733857,0.00118636494845915,448.932709097433,874.56078121517
13,"bottom_decile",696,392,304,1.44159261265054,4.95578955251903,6.39738216516957,0.013712762323669,355.632266446343,294.694624195495
13,"risk_lt_5pct",637,365,272,2.21609339609977,4.88037451979322,7.09646791589299,0.0111104204518208,331.696762529879,264.579940360013
14,"Q1",1391,706,685,-0.53080214943115,6.4550421616378,5.92424001220665,0.00549046480500028,666.184319659666,659.554588510299
14,"Q2",1390,641,749,-2.30366475683415,11.5961939627573,9.29252920592318,0.000854469870340034,596.677457788776,701.236573368359
14,"Q3",1390,572,818,-2.01043722760457,14.4310716102874,12.4206343826829,0.000101620744834242,545.121913001699,763.801162316667
14,"Q4",1390,495,895,-3.10930711082464,23.9802722656522,20.8709651548276,0.00200625494185233,485.264266378355,842.216337950568
14,"Q5",1390,463,927,-5.11236410523804,39.0108060689783,33.8984419637403,0.00191855236373434,451.346333632315,860.840264184154
14,"bottom_decile",696,380,316,2.53563157180968,4.50831405516007,7.04394562696975,0.00763219294236114,349.837225753087,303.852716930244
14,"risk_lt_5pct",574,319,255,2.98826846386883,3.97051887905567,6.95878734292449,0.0129318891954077,291.418637394505,243.991714408655
15,"Q1",1391,710,681,-1.20820348333281,6.48496040201664,5.27675691868384,0.00245393178148249,670.235618219975,659.706977150348
15,"Q2",1390,635,755,-1.97765677625949,11.3705932311364,9.39293645487692,0.00236165266970012,596.944248760004,714.176821790331
15,"Q3",1390,576,814,-0.349790241698536,13.821302410853,13.4715121691545,0.00114814045397412,546.607609261802,751.861509072982
15,"Q4",1390,502,888,-4.48057756892849,24.1592124087235,19.678634839795,0.000500120631507907,489.206649288815,833.246938415313
15,"Q5",1390,454,936,-4.75134718792475,38.994516457937,34.2431692700123,0.00286792001634117,444.566125895874,878.178403353958
15,"bottom_decile",696,382,314,2.04422939270805,3.97428631430367,6.01851570701172,0.00262402965681978,350.424985551771,305.738246461037
15,"risk_lt_5pct",584,322,262,2.02700749275804,4.57558543048546,6.6025929232435,0.0125803749099678,288.668941629394,250.606389434328
16,"Q1",1391,705,686,-0.780158039630723,6.37800347136288,5.59784543173216,0.00351773651794519,661.618784224632,655.931633493874
16,"Q2",1390,643,747,-2.47208631707348,9.98222483923797,7.5101385221645,0.00564064724445602,594.603071204403,703.508482356251
16,"Q3",1390,564,826,-1.23614140356515,15.1521825648666,13.9160411613015,0.00232545104321654,539.856086446345,771.736745314498
16,"Q4",1390,498,892,-4.75930584134056,25.0650174874448,20.3057116461042,0.00343708652438796,486.751267926082,841.790218906881
16,"Q5",1390,467,923,-4.77771997231028,38.7365364523196,33.9588164800093,0.001434522255595,453.07211123477,856.857717629694
16,"bottom_decile",696,390,306,0.282648511950579,5.65887514378144,5.94152365573202,0.00249296971065107,357.337288674331,296.313561316036
16,"risk_lt_5pct",558,319,239,1.62848951875328,4.24713602317312,5.8756255419264,0.0102298987437999,283.893516167442,226.589347200288
17,"Q1",1391,716,675,0.631233924588691,4.75295963254172,5.38419355713042,0.00998852609782329,679.107325704833,654.869620037572
17,"Q2",1390,649,741,-4.25401090887424,13.2560808920882,9.00206998321395,0.00121828476147548,607.644155615297,698.514314091633
17,"Q3",1390,552,838,-1.52776920411671,14.3523152214229,12.8245460173062,0.000940637552551254,525.136323019228,765.416033542002
17,"Q4",1390,500,890,-4.35094974585123,24.4582421599691,20.1072924141178,0.0033087351850291,486.94148313948,831.957285648103
17,"Q5",1390,460,930,-4.69599192981347,38.6914668271949,33.9954748973815,0.000292845478116279,450.482467236057,872.396933063055
17,"bottom_decile",696,386,310,1.30006786259932,4.75440258072875,6.05447044332807,0.00384002868230567,356.305328485014,300.10333139424
17,"risk_lt_5pct",604,337,267,0.809214857827818,5.61371353242094,6.42292839024876,0.0156057586838394,307.281462278834,256.376878422695
18,"Q1",1391,729,662,-0.732231449621225,6.4591552069523,5.72692375733107,0.00675853665263828,690.713022216774,637.693046529106
18,"Q2",1390,640,750,-1.42949919485071,9.58979489813094,8.16029570328023,0.0026613532817892,587.477106509978,700.465230720092
18,"Q3",1390,554,836,-1.06407417269796,14.8384229219589,13.7743487492609,0.000749163118081899,525.727682290515,769.809394921304
18,"Q4",1390,486,904,-5.21706962967632,25.0744168486796,19.8573472190033,0.00186441975064037,476.344287181126,846.591432927507
18,"Q5",1390,468,922,-5.49065736798553,39.5910033272948,34.1003459593093,0.00122407555578271,456.953422686193,860.553378727468
18,"bottom_decile",696,390,306,2.31132501442492,4.48777400042955,6.79909901485447,0.0113119031926942,362.679623967197,298.403263472124
18,"risk_lt_5pct",545,308,237,2.75057388485208,3.65186204458912,6.40243592944121,0.0135387749447716,284.170676063803,229.930166439884
19,"Q1",1391,717,674,-0.538166976251549,6.639556636985,6.10138966073345,0.00195154521043849,683.064492587262,654.166167028902
19,"Q2",1390,639,751,-3.61058956209242,11.0805522491878,7.46996268709542,0.00279914207758558,592.572401553162,702.267475708317
19,"Q3",1390,553,837,-1.13499468366314,14.2702662398588,13.1352715561956,0.00328200317547516,523.80049128928,769.900018901304
19,"Q4",1390,511,879,-3.28028417995514,24.0985558408945,20.8182716609393,0.00509205658984951,500.86577762525,835.653162551798
19,"Q5",1390,457,933,-5.15576298345297,39.3681548002852,34.2123918168322,0.00157343509734735,447.878239147661,873.133954738915
19,"bottom_decile",696,387,309,0.946921501839029,5.18238348258086,6.12930498441989,0.0139299325552274,356.623717833846,296.956778548917
19,"risk_lt_5pct",657,366,291,1.56536945968771,4.88228746283631,6.44765692252403,0.0172233728958499,337.776999861303,279.453504549795
20,"Q1",1391,706,685,-0.786632655276713,6.12700277433791,5.34037011906119,0.00526887638469348,667.932848245416,662.206946965258
20,"Q2",1390,658,732,-4.20938920648424,12.5786469944399,8.36925778795568,0.0022262072129889,612.020010581575,686.998201098831
20,"Q3",1390,566,824,-0.905215958773412,14.4033412503121,13.4981252915387,0.00436734082212475,534.026402772298,750.987348402329
20,"Q4",1390,486,904,-0.688385628633303,21.3477432145418,20.6593575859085,0.00215071260079555,475.286331182342,845.429434009326
20,"Q5",1390,461,929,-6.96574345694153,40.2985194872065,33.3327760302649,0.000405875616195408,453.213170451047,882.840836027562
20,"bottom_decile",696,380,316,1.67433956505455,4.89959179567233,6.57393136072688,0.0174543125907068,347.103504943957,305.300002463883
20,"risk_lt_5pct",629,347,282,2.66092709698101,4.18674842359517,6.84767552057618,0.0219536105957058,315.546737538752,272.674892779008
