"analysis","variable","weighted_smd"
"Q1","age",0.114313134927051
"Q1","age2",0.108426606156166
"Q1","female",-0.0137887632291462
"Q1","year",0.0599814807194978
"Q1","logsize",-0.0196584574021742
"Q1","size_miss",-0.0253859554744609
"Q1","T2",0.0205915706141197
"Q1","T3",0.006651107292317
"Q1","T4",-0.00850373676697136
"Q1","grade1",0.0725653296955566
"Q1","grade2",-0.0725474795005167
"Q1","grade3",-0.00216203163940006
"Q1","grade4",0
"Q1","nonmuc",0.116625267384256
"Q1","muc",-0.00328422444313242
"Q1","SRCC",0.062960847840962
"Q1","race_black",0.058161116917188
"Q1","race_white",-0.0160725535110614
"Q1","race_other",-0.0200585812548706
"Q1","income_hi",-0.0197012993983939
"Q1","metro",0
"Q1","married",-0.00609826108499082
"Q1","nodal_risk",-0.00205873653358161
"Q2","age",-0.0827099201874512
"Q2","age2",-0.0761219705330056
"Q2","female",-0.0175324070910626
"Q2","year",-0.0693875584666794
"Q2","logsize",0.0132465238406752
"Q2","size_miss",0.127558321187655
"Q2","T2",0.0657080545393045
"Q2","T3",-0.0106235440725654
"Q2","T4",-0.116915289168913
"Q2","grade1",-0.169018382530473
"Q2","grade2",0.161416569951424
"Q2","grade3",0.0128184334014586
"Q2","grade4",0.0610053400066648
"Q2","nonmuc",0.044207180944122
"Q2","muc",-0.0479635776827185
"Q2","SRCC",0.0537353370093665
"Q2","race_black",0.00475932692060809
"Q2","race_white",0.024253320633451
"Q2","race_other",-0.0319642187244495
"Q2","income_hi",-0.0405152414315947
"Q2","metro",0.0836165305595767
"Q2","married",0.0175192840648628
"Q2","nodal_risk",0.0195033741371572
"Q3","age",0.00783454923550605
"Q3","age2",0.00924582246254485
"Q3","female",0.0284512198126642
"Q3","year",-0.0910120287364123
"Q3","logsize",-0.0805888466894736
"Q3","size_miss",-0.066827552917408
"Q3","T2",-0.0918615409412242
"Q3","T3",0.0862330302251595
"Q3","T4",-0.0294440705226188
"Q3","grade1",0.0836833911789662
"Q3","grade2",-0.109469770467913
"Q3","grade3",0.0846602913671992
"Q3","grade4",-0.0889644104088137
"Q3","nonmuc",-0.0425004988239953
"Q3","muc",-0.0684465739863411
"Q3","SRCC",0.135889439848512
"Q3","race_black",-0.130432320618323
"Q3","race_white",0.0501306334165814
"Q3","race_other",-0.0165739383838776
"Q3","income_hi",0.0510422321092338
"Q3","metro",-0.0603055571238882
"Q3","married",0.0326746090194092
"Q3","nodal_risk",-0.0132905635522738
"Q4","age",-0.0611779619376767
"Q4","age2",-0.0650856863243308
"Q4","female",0.00355534000727978
"Q4","year",0.0424053693548119
"Q4","logsize",-0.0141413134917907
"Q4","size_miss",0.00394565634561753
"Q4","T2",-0.0455960168284198
"Q4","T3",-0.0262120658205854
"Q4","T4",0.0373509149236493
"Q4","grade1",0.0422405386600986
"Q4","grade2",-0.0573842190988711
"Q4","grade3",0.0209020974988707
"Q4","grade4",0.0613055726047578
"Q4","nonmuc",-0.0927219297145505
"Q4","muc",0.0571375961977953
"Q4","SRCC",0.0773786226952709
"Q4","race_black",0.0253306910941689
"Q4","race_white",-0.0885058764399257
"Q4","race_other",0.0785998886744569
"Q4","income_hi",0.0414336484694775
"Q4","metro",0.0169234345020475
"Q4","married",-0.060154963550537
"Q4","nodal_risk",-0.0391441880204723
"Q5","age",-0.0150149192458556
"Q5","age2",-0.00732442899999388
"Q5","female",0.0121879444713529
"Q5","year",0.0886811336656587
"Q5","logsize",0.0749098098794582
"Q5","size_miss",-0.0530642700440267
"Q5","T2",-0.073500901565379
"Q5","T3",-0.0209075014862903
"Q5","T4",0.0272908606891608
"Q5","grade1",-0.0661536786734412
"Q5","grade2",0.0711507741579944
"Q5","grade3",-0.051020118038283
"Q5","grade4",-0.00905637444677022
"Q5","nonmuc",-0.0233078226201127
"Q5","muc",0.091218853999142
"Q5","SRCC",-0.122792049077047
"Q5","race_black",0.0406839652702515
"Q5","race_white",0.0159630498183984
"Q5","race_other",-0.00449414073397409
"Q5","income_hi",-0.0419433937286491
"Q5","metro",-0.0741286687620659
"Q5","married",0.0126205517095466
"Q5","nodal_risk",-0.107176353379861
"bottom_decile","age",0.238899291789385
"bottom_decile","age2",0.237808757858964
"bottom_decile","female",0.0282305143439564
"bottom_decile","year",0.0411734774745057
"bottom_decile","logsize",0.0317053174587229
"bottom_decile","size_miss",0.0221242930243793
"bottom_decile","T2",0.0240594089171445
"bottom_decile","T3",0.0616624066327223
"bottom_decile","T4",0
"bottom_decile","grade1",0.188082984386656
"bottom_decile","grade2",-0.188082984386657
"bottom_decile","grade3",0
"bottom_decile","grade4",0
"bottom_decile","nonmuc",0.148137676694209
"bottom_decile","muc",0.114002549062464
"bottom_decile","SRCC",0.107460927734351
"bottom_decile","race_black",0.0296310623204931
"bottom_decile","race_white",-0.0164492473452105
"bottom_decile","race_other",0.0616875380955951
"bottom_decile","income_hi",-0.0054447822714931
"bottom_decile","metro",0
"bottom_decile","married",-0.127312303172459
"bottom_decile","nodal_risk",0.00505143049943688
"risk_lt_5pct","age",0.278740440345729
"risk_lt_5pct","age2",0.290235793947927
"risk_lt_5pct","female",0.0427345940251263
"risk_lt_5pct","year",-0.0505718314262342
"risk_lt_5pct","logsize",0.0148303274525381
"risk_lt_5pct","size_miss",0.0121045479985921
"risk_lt_5pct","T2",0.0236071646685067
"risk_lt_5pct","T3",-0.0216641716150826
"risk_lt_5pct","T4",0
"risk_lt_5pct","grade1",0.185106099030402
"risk_lt_5pct","grade2",-0.185106099030401
"risk_lt_5pct","grade3",0
"risk_lt_5pct","grade4",0
"risk_lt_5pct","nonmuc",0.183956182900853
"risk_lt_5pct","muc",0.160775248596366
"risk_lt_5pct","SRCC",0.116468522575861
"risk_lt_5pct","race_black",0.0503917208555664
"risk_lt_5pct","race_white",-0.076518938181698
"risk_lt_5pct","race_other",0.114346916729548
"risk_lt_5pct","income_hi",-0.017167719334501
"risk_lt_5pct","metro",0
"risk_lt_5pct","married",-0.112240959454811
"risk_lt_5pct","nodal_risk",-0.0333101455808604
"overall","age",-0.00171990648903976
"overall","age2",-0.0019531066063049
"overall","female",-0.000381567052841625
"overall","year",0.00185680095928663
"overall","logsize",-0.0021237037747648
"overall","size_miss",-0.000522332631669824
"overall","T2",-0.00364826176567936
"overall","T3",0.00180226856063472
"overall","T4",0.00175138325459205
"overall","grade1",-0.00409224042188287
"overall","grade2",0.00357375178778374
"overall","grade3",0.00119543772987551
"overall","grade4",-0.00268372504552091
"overall","nonmuc",0.0017269555784324
"overall","muc",-0.000952061584079084
"overall","SRCC",-0.000019076687623692
"overall","race_black",-0.000467920957141031
"overall","race_white",-0.00144355257695002
"overall","race_other",-0.00119576663381682
"overall","income_hi",-0.00248030210459757
"overall","metro",0.00000331561736095113
"overall","married",0.000148486918681688
"overall","nodal_risk",-0.000714374046525849
