"imputation","analysis","max_abs_weighted_SMD","balance_pass"
1,"Q1",0.0108809101606636,TRUE
1,"Q2",0.00374555804921447,TRUE
1,"Q3",0.00105542571479739,TRUE
1,"Q4",0.00151258735866067,TRUE
1,"Q5",0.00171480417340587,TRUE
1,"bottom_decile",0.0135296758659699,TRUE
1,"risk_lt_5pct",0.0201759316341339,TRUE
2,"Q1",0.0167466963685283,TRUE
2,"Q2",0.00331369673242008,TRUE
2,"Q3",0.000647195750531178,TRUE
2,"Q4",0.0019275226297311,TRUE
2,"Q5",0.00098449652665827,TRUE
2,"bottom_decile",0.00593640491847724,TRUE
2,"risk_lt_5pct",0.00149831148808414,TRUE
3,"Q1",0.00329132291024174,TRUE
3,"Q2",0.000795924838113745,TRUE
3,"Q3",0.00262453672069633,TRUE
3,"Q4",0.00319735113110245,TRUE
3,"Q5",0.000358739551755977,TRUE
3,"bottom_decile",0.000437901797868352,TRUE
3,"risk_lt_5pct",0.00411096543100598,TRUE
4,"Q1",0.00594079170887053,TRUE
4,"Q2",0.00194684216910439,TRUE
4,"Q3",0.00349205162651019,TRUE
4,"Q4",0.00229640180559061,TRUE
4,"Q5",0.000845187563946188,TRUE
4,"bottom_decile",0.0111192412035244,TRUE
4,"risk_lt_5pct",0.0147320379319561,TRUE
5,"Q1",0.00726237558926826,TRUE
5,"Q2",0.00339545130686687,TRUE
5,"Q3",0.000562069594569561,TRUE
5,"Q4",0.00279444224915536,TRUE
5,"Q5",0.000597049375797303,TRUE
5,"bottom_decile",0.00512305127859927,TRUE
5,"risk_lt_5pct",0.00105469255637181,TRUE
6,"Q1",0.00165725106544675,TRUE
6,"Q2",0.00199351444508992,TRUE
6,"Q3",0.00151572761631096,TRUE
6,"Q4",0.00377716512854194,TRUE
6,"Q5",0.00131855032028945,TRUE
6,"bottom_decile",0.0113629171010629,TRUE
6,"risk_lt_5pct",0.0109760843014029,TRUE
7,"Q1",0.00341656908163032,TRUE
7,"Q2",0.00248677597627329,TRUE
7,"Q3",0.00250544211070582,TRUE
7,"Q4",0.00409250479232514,TRUE
7,"Q5",0.00072477277464969,TRUE
7,"bottom_decile",0.00480083444424831,TRUE
7,"risk_lt_5pct",0.00774680563482671,TRUE
8,"Q1",0.00123143457410763,TRUE
8,"Q2",0.00200446874755497,TRUE
8,"Q3",0.00282080923636413,TRUE
8,"Q4",0.00503446768764934,TRUE
8,"Q5",0.000649342946188511,TRUE
8,"bottom_decile",0.00316738452508544,TRUE
8,"risk_lt_5pct",0.00951324280812946,TRUE
9,"Q1",0.00843309312736295,TRUE
9,"Q2",0.00622891347367316,TRUE
9,"Q3",0.00152501142459669,TRUE
9,"Q4",0.00241347644041086,TRUE
9,"Q5",0.00161616819010149,TRUE
9,"bottom_decile",0.0149027616334218,TRUE
9,"risk_lt_5pct",0.0144980066987436,TRUE
10,"Q1",0.0157622382296931,TRUE
10,"Q2",0.00182206719049022,TRUE
10,"Q3",0.00211361692249803,TRUE
10,"Q4",0.00465928429711457,TRUE
10,"Q5",0.000371573957502902,TRUE
10,"bottom_decile",0.00109036553524056,TRUE
10,"risk_lt_5pct",0.000702186374752191,TRUE
11,"Q1",0.00297906997523814,TRUE
11,"Q2",0.00317530462410869,TRUE
11,"Q3",0.00287437807336214,TRUE
11,"Q4",0.00202684818338414,TRUE
11,"Q5",0.000142230725639533,TRUE
11,"bottom_decile",0.00821760016072157,TRUE
11,"risk_lt_5pct",0.00363909392825805,TRUE
12,"Q1",0.00491075373467848,TRUE
12,"Q2",0.00328204528851997,TRUE
12,"Q3",0.001160934759456,TRUE
12,"Q4",0.00415860447319372,TRUE
12,"Q5",0.000525766750622625,TRUE
12,"bottom_decile",0.00293671300078214,TRUE
12,"risk_lt_5pct",0.0130909670800392,TRUE
13,"Q1",0.00495008091275056,TRUE
13,"Q2",0.000955721743085193,TRUE
13,"Q3",0.00235903626741602,TRUE
13,"Q4",0.00242338801800427,TRUE
13,"Q5",0.00118636494845915,TRUE
13,"bottom_decile",0.013712762323669,TRUE
13,"risk_lt_5pct",0.0111104204518208,TRUE
14,"Q1",0.00549046480500028,TRUE
14,"Q2",0.000854469870340034,TRUE
14,"Q3",0.000101620744834242,TRUE
14,"Q4",0.00200625494185233,TRUE
14,"Q5",0.00191855236373434,TRUE
14,"bottom_decile",0.00763219294236114,TRUE
14,"risk_lt_5pct",0.0129318891954077,TRUE
15,"Q1",0.00245393178148249,TRUE
15,"Q2",0.00236165266970012,TRUE
15,"Q3",0.00114814045397412,TRUE
15,"Q4",0.000500120631507907,TRUE
15,"Q5",0.00286792001634117,TRUE
15,"bottom_decile",0.00262402965681978,TRUE
15,"risk_lt_5pct",0.0125803749099678,TRUE
16,"Q1",0.00351773651794519,TRUE
16,"Q2",0.00564064724445602,TRUE
16,"Q3",0.00232545104321654,TRUE
16,"Q4",0.00343708652438796,TRUE
16,"Q5",0.001434522255595,TRUE
16,"bottom_decile",0.00249296971065107,TRUE
16,"risk_lt_5pct",0.0102298987437999,TRUE
17,"Q1",0.00998852609782329,TRUE
17,"Q2",0.00121828476147548,TRUE
17,"Q3",0.000940637552551254,TRUE
17,"Q4",0.0033087351850291,TRUE
17,"Q5",0.000292845478116279,TRUE
17,"bottom_decile",0.00384002868230567,TRUE
17,"risk_lt_5pct",0.0156057586838394,TRUE
18,"Q1",0.00675853665263828,TRUE
18,"Q2",0.0026613532817892,TRUE
18,"Q3",0.000749163118081899,TRUE
18,"Q4",0.00186441975064037,TRUE
18,"Q5",0.00122407555578271,TRUE
18,"bottom_decile",0.0113119031926942,TRUE
18,"risk_lt_5pct",0.0135387749447716,TRUE
19,"Q1",0.00195154521043849,TRUE
19,"Q2",0.00279914207758558,TRUE
19,"Q3",0.00328200317547516,TRUE
19,"Q4",0.00509205658984951,TRUE
19,"Q5",0.00157343509734735,TRUE
19,"bottom_decile",0.0139299325552274,TRUE
19,"risk_lt_5pct",0.0172233728958499,TRUE
20,"Q1",0.00526887638469348,TRUE
20,"Q2",0.0022262072129889,TRUE
20,"Q3",0.00436734082212475,TRUE
20,"Q4",0.00215071260079555,TRUE
20,"Q5",0.000405875616195408,TRUE
20,"bottom_decile",0.0174543125907068,TRUE
20,"risk_lt_5pct",0.0219536105957058,TRUE
